Customer Key,First Name,Last name,Registered Address,Registered City,Registered Province,Postal Code,Phone,Email,Gender,Age
1,Francoise,Rautenstrauch,[redacted],Windsor,ON,N8N 3N2,[redacted],[redacted],F,49
2,Kendra,Loud,[redacted],Alcida,NB,E8J 2C4,[redacted],[redacted],Not Specified,46
3,Lourdes,Bauswell,[redacted],Belleville,ON,K8P 1B3,[redacted],[redacted],F,58
4,Hannah,Edmison,[redacted],Vancouver,BC,V5Z 3K2,[redacted],[redacted],M,66
5,Tom,Loeza,[redacted],LIle-Perrot,QC,J7V 4T4,[redacted],[redacted],M,52
6,Queenie,Kramarczyk,[redacted],Swift Current,SK,S9H 4V2,[redacted],[redacted],F,46
7,Hui,Portaro,[redacted],Baker Brook,NB,E7A 1T3,[redacted],[redacted],M,56
8,Josefa,Opitz,[redacted],Delhi,ON,N4B 1C4,[redacted],[redacted],Not Specified,64
9,Lea,Steinhaus,[redacted],Bradford,ON,L3Z 2S4,[redacted],[redacted],F,57
10,Paola,Vielma,[redacted],Aurora,ON,L4G 2J7,[redacted],[redacted],Not Specified,42
11,Hortencia,Bresser,[redacted],New Waterford,NS,B1H 1Z4,[redacted],[redacted],M,38
12,Leanna,Tijerina,[redacted],North York,ON,M9L 2T9,[redacted],[redacted],M,54
13,Danilo,Pride,[redacted],Red Deer,AB,T4R 2H5,[redacted],[redacted],M,34
14,Huey,Marcille,[redacted],Edmonton,AB,T5P 1G9,[redacted],[redacted],F,24
15,Apolonia,Warne,[redacted],Fredericton,NB,E3G 0A3,[redacted],[redacted],F,60
16,Chandra,Lagos,[redacted],Etobicoke,ON,M8Z 3P6,[redacted],[redacted],M,56
17,Crissy,Pacholec,[redacted],Barrie,ON,L4N 6T7,[redacted],[redacted],F,25
18,Gianna,Branin,[redacted],Calgary,AB,T2K 4X5,[redacted],[redacted],M,56
19,Valentin,Billa,[redacted],Pangman,SK,S0C 2C0,[redacted],[redacted],F,40
20,Ilona,Dudash,[redacted],Rouyn-Noranda,QC,J9X 3V4,[redacted],[redacted],M,35
21,Willard,Lablanc,[redacted],Leduc,AB,T9E 5A6,[redacted],[redacted],Not Specified,34
22,Lauryn,Randol,[redacted],North Vancouver,BC,V7L 3X6,[redacted],[redacted],F,53
23,Laurena,Begin,[redacted],London,ON,N6A 1S5,[redacted],[redacted],M,44
24,Elise,Michelle,[redacted],Hamilton,ON,L8R 3J3,[redacted],[redacted],F,54
25,Corrie,Kardell,[redacted],Pierrefonds,QC,H9J 1W6,[redacted],[redacted],M,24
26,Kimberely,Rabuse,[redacted],Windsor,ON,N8S 3R1,[redacted],[redacted],M,49
27,Tish,Violett,[redacted],Laval,QC,H7W 5K7,[redacted],[redacted],F,19
28,Hollis,Stanfield,[redacted],Yellowhead County,AB,T7E 3A7,[redacted],[redacted],F,52
29,Andree,Christmann,[redacted],Strathroy,ON,N7G 3K6,[redacted],[redacted],M,38
30,Lyla,Fucillo,[redacted],North River,NS,B6L 6N1,[redacted],[redacted],Not Specified,34
31,Felton,Yafuso,[redacted],Ottawa,ON,K1Y 1M2,[redacted],[redacted],F,52
32,Dell,Polino,[redacted],Becancour,QC,G9H 1H7,[redacted],[redacted],M,44
33,Nohemi,Leko,[redacted],Sault Ste. Marie,ON,P6C 2C8,[redacted],[redacted],Not Specified,46
34,Tambra,Lembke,[redacted],Salmon Arm,BC,V1E 4G9,[redacted],[redacted],M,31
35,Vicki,Maikoksoong,[redacted],Richmond,BC,V7A 3N1,[redacted],[redacted],M,37
36,Renato,Airhart,[redacted],Calgary,AB,T2A 2H9,[redacted],[redacted],M,57
37,Lenita,Darbro,[redacted],Vernon,BC,V1T 7V8,[redacted],[redacted],M,19
38,Barney,Hagen,[redacted],Saint-Hyacinthe,QC,J2S 2N3,[redacted],[redacted],Not Specified,23
39,Matthew,Armacost,[redacted],Peterborough,ON,K9H 6C3,[redacted],[redacted],F,58
40,Belen,Nelton,[redacted],Quesnel,BC,V2J 1N4,[redacted],[redacted],F,47
41,Iesha,Wardle,[redacted],Etobicoke,ON,M8Z 2C1,[redacted],[redacted],F,44
42,Francesco,Sarchet,[redacted],Regina,SK,S4T 4B1,[redacted],[redacted],M,28
43,Paulene,Rhule,[redacted],Matane,QC,G4W 3G6,[redacted],[redacted],M,33
44,Carole,Hughlett,[redacted],Abbotsford,BC,V2S 5R3,[redacted],[redacted],F,23
45,Miss,Dunning,[redacted],Regina,SK,S4R 1J5,[redacted],[redacted],Not Specified,63
46,Elfrieda,Hinsch,[redacted],Vernon,BC,V1T 4A3,[redacted],[redacted],F,47
47,Edelmira,Calzado,[redacted],Regina,SK,S4R 3M1,[redacted],[redacted],M,19
48,Jaime,Wasurick,[redacted],Saint-Damien,QC,J0K 2N1,[redacted],[redacted],Not Specified,43
49,Lera,Hua,[redacted],Miramichi,NB,E1V 2N4,[redacted],[redacted],Not Specified,67
50,Jame,Mastro,[redacted],Kitchener,ON,N2N 1Y6,[redacted],[redacted],M,62
51,Jillian,Hailstone,[redacted],Mississauga,ON,L4Z 2V7,[redacted],[redacted],F,29
52,Louis,Zarling,[redacted],Stoneham-Et-Tewkesbury,QC,G3C 2A8,[redacted],[redacted],F,34
53,Emmett,Mcshaw,[redacted],Sault Ste. Marie,ON,P6B 5Y2,[redacted],[redacted],M,35
54,Tammy,Sams,[redacted],Nanaimo,BC,V9R 5W6,[redacted],[redacted],F,40
55,Willis,Wylie,[redacted],Saint-Raymond,QC,G3L 3X9,[redacted],[redacted],F,28
56,Maxima,Brzozowski,[redacted],St Catharines,ON,L2T 2V2,[redacted],[redacted],F,19
57,Boris,Latif,[redacted],Quebec,QC,G1M 2H8,[redacted],[redacted],Not Specified,37
58,Salina,Knavel,[redacted],Arnprior,ON,K7S 2G8,[redacted],[redacted],M,35
59,Justa,Dini,[redacted],Vernon,BC,V1T 6J8,[redacted],[redacted],Not Specified,60
60,Amalia,Wolfgang,[redacted],Windsor,ON,N8N 3V8,[redacted],[redacted],Not Specified,36
61,Felix,Tutterrow,[redacted],London,ON,N6G 3E5,[redacted],[redacted],Not Specified,61
62,Eura,Mcglocklin,[redacted],Lloydminster,SK,S9V 0C6,[redacted],[redacted],F,62
63,Lang,Heuring,[redacted],Cambridge,ON,N1R 2X2,[redacted],[redacted],M,57
64,Agustin,Lakatos,[redacted],Becancour,QC,G9H 4T4,[redacted],[redacted],Not Specified,50
65,Jaime,Lowrance,[redacted],Winnipeg,MB,R3J 2Z1,[redacted],[redacted],F,46
66,Carman,Gudiel,[redacted],St. Johns,NL,A1B 5B3,[redacted],[redacted],Not Specified,19
67,Argelia,Hofbauer,[redacted],North Vancouver,BC,V7J 2J9,[redacted],[redacted],F,54
68,Mammie,Cisney,[redacted],Montreal,QC,H1E 1R4,[redacted],[redacted],Not Specified,48
69,Rashad,Menino,[redacted],Carleton Place,ON,K7C 2T3,[redacted],[redacted],Not Specified,25
70,Janna,Bastain,[redacted],Vancouver,BC,V6N 3C5,[redacted],[redacted],F,65
71,Callie,Neikirk,[redacted],Mississauga,ON,L4T 0A1,[redacted],[redacted],M,36
72,Coral,Helmcamp,[redacted],Toronto,ON,M5V 0B4,[redacted],[redacted],Not Specified,39
73,Xenia,Mushero,[redacted],Kingston,ON,K7K 1P6,[redacted],[redacted],M,67
74,Adelle,Nitcher,[redacted],Thorold,ON,L2V 5C7,[redacted],[redacted],M,20
75,Hildegarde,Wehrwein,[redacted],West Vancouver,BC,V7T 1R7,[redacted],[redacted],Not Specified,54
76,Phuong,Sugai,[redacted],Lavaltrie,QC,J5T 2C7,[redacted],[redacted],F,54
77,Leontine,Lafoy,[redacted],Quebec,QC,G1J 4B2,[redacted],[redacted],Not Specified,67
78,Darell,Mcalarney,[redacted],Ajax,ON,L1S 6V3,[redacted],[redacted],F,47
79,Madonna,Landman,[redacted],Castlegar,BC,V1N 3P7,[redacted],[redacted],F,41
80,Chuck,Berggren,[redacted],St. Johns,NL,A1E 2L8,[redacted],[redacted],M,60
81,Gregg,Epperheimer,[redacted],Lasalle,QC,H8R 3T2,[redacted],[redacted],F,41
82,Yan,Bubrig,[redacted],Grand Manan,NB,E5G 1L1,[redacted],[redacted],F,55
83,Stephanie,Garlett,[redacted],Kanata,ON,K2T 1G5,[redacted],[redacted],M,25
84,Alberto,Stenquist,[redacted],St Catharines,ON,L2N 6C7,[redacted],[redacted],Not Specified,24
85,Wayne,Shivers,[redacted],Chicoutimi,QC,G7H 6A2,[redacted],[redacted],F,35
86,Kristal,Bothe,[redacted],Paradise,NL,A1L 2Y8,[redacted],[redacted],Not Specified,47
87,Florencia,Stadel,[redacted],Ingersoll,ON,N5C 2W2,[redacted],[redacted],M,31
88,Darrin,Tumolillo,[redacted],Saskatoon,SK,S7H 1X9,[redacted],[redacted],Not Specified,56
89,Freeman,Rudig,[redacted],Otterburn Park,QC,J3H 4V8,[redacted],[redacted],M,26
90,Lazaro,Mollison,[redacted],Beloeil,QC,J3G 3J4,[redacted],[redacted],F,48
91,Ellsworth,Rieg,[redacted],Napanee,ON,K7R 1K5,[redacted],[redacted],Not Specified,55
92,Brinda,Mrkvicka,[redacted],Newbridge,NB,E7N 1J4,[redacted],[redacted],F,37
93,Florinda,Mackedanz,[redacted],Dieppe,NB,E1A 8X6,[redacted],[redacted],F,65
94,Nadine,Swartzbeck,[redacted],Beloeil,QC,J3G 4M4,[redacted],[redacted],M,53
95,Arlette,Torchio,[redacted],Lasalle,QC,H8R 3C2,[redacted],[redacted],M,26
96,Adolph,Krivanec,[redacted],Etobicoke,ON,M8Y 3L6,[redacted],[redacted],Not Specified,39
97,Georgiana,Colbath,[redacted],Sainte-Therese,QC,J7E 3C9,[redacted],[redacted],F,25
98,Rana,Lehn,[redacted],Milton,ON,L9T 5W8,[redacted],[redacted],Not Specified,55
99,Chi,Morgan,[redacted],Saint-Raymond,QC,G3L 3K2,[redacted],[redacted],F,54
100,Starr,Prothro,[redacted],Chicoutimi,QC,G7H 4M5,[redacted],[redacted],M,23
101,Glennis,Roseum,[redacted],Brandon,MB,R7A 4C6,[redacted],[redacted],M,38
102,Thea,Petermeier,[redacted],Sept-Iles,QC,G4S 1Z5,[redacted],[redacted],F,64
103,Rosalind,Persechino,[redacted],Kanata,ON,K2M 1E6,[redacted],[redacted],F,28
104,Shenika,Tapian,[redacted],Ottawa,ON,K1S 1N5,[redacted],[redacted],M,50
105,Veta,Vandeberg,[redacted],Juniper,NB,E7L 1G1,[redacted],[redacted],M,32
106,Herschel,Geneseo,[redacted],Toronto,ON,M4V 1Y3,[redacted],[redacted],Not Specified,22
107,Dianne,Tomasic,[redacted],Dartmouth,NS,B2Y 3L2,[redacted],[redacted],M,24
108,Micah,Gerten,[redacted],St. Johns,NL,A1E 2J5,[redacted],[redacted],Not Specified,44
109,Kaycee,Alaibilla,[redacted],Vancouver,BC,V6R 1N3,[redacted],[redacted],Not Specified,52
110,Tesha,Brang,[redacted],Montreal,QC,H4K 2N2,[redacted],[redacted],M,19
111,Marya,Chhour,[redacted],Calgary,AB,T3Z 3S8,[redacted],[redacted],M,26
112,Ronnie,Kettelle,[redacted],Halifax,NS,B3H 1M2,[redacted],[redacted],F,62
113,Mabel,Fower,[redacted],Chicoutimi,QC,G7H 3T5,[redacted],[redacted],Not Specified,53
114,Harley,Works,[redacted],Woodstock,ON,N4S 2K1,[redacted],[redacted],F,21
115,Joye,Nedman,[redacted],Regina,SK,S4N 3J4,[redacted],[redacted],Not Specified,21
116,Luisa,Harnish,[redacted],Vancouver,BC,V5X 2B5,[redacted],[redacted],F,59
117,Stacey,Lortz,[redacted],Scarborough,ON,M1K 1H4,[redacted],[redacted],Not Specified,54
118,Reyes,Mesmer,[redacted],Hamilton,ON,L8S 2N1,[redacted],[redacted],M,21
119,Avery,Demus,[redacted],Maple Ridge,BC,V4R 1Z3,[redacted],[redacted],M,62
120,Colby,Scotts,[redacted],Barrie,ON,L4N 3M9,[redacted],[redacted],M,62
121,Afton,Wrinkle,[redacted],Ottawa,ON,K1N 6S5,[redacted],[redacted],M,46
122,India,Sifford,[redacted],Toronto,ON,M5N 1J1,[redacted],[redacted],Not Specified,31
123,Brunilda,Coin,[redacted],Saint-Paul,NB,E4T 3B9,[redacted],[redacted],Not Specified,60
124,Jenifer,Emanuel,[redacted],Duncan,BC,V9L 4G2,[redacted],[redacted],M,36
125,Makeda,Nosis,[redacted],Toronto,ON,M5K 1A1,[redacted],[redacted],F,47
126,Vivan,Oppy,[redacted],Swift Current,SK,S9H 3S9,[redacted],[redacted],F,41
127,Eric,Gazzola,[redacted],Saint-Georges,QC,G5Z 0N4,[redacted],[redacted],M,54
128,Thersa,Davirro,[redacted],Kamloops,BC,V2C 6S8,[redacted],[redacted],F,45
129,Mindy,Presnal,[redacted],Vancouver,BC,V5X 3K2,[redacted],[redacted],M,38
130,Luis,Metzner,[redacted],Trois-Rivieres,QC,G8V 2J6,[redacted],[redacted],F,43
131,Dawne,Mcloud,[redacted],Stoney Creek,ON,L8E 2E4,[redacted],[redacted],M,36
132,Karrie,Kinikini,[redacted],Kamloops,BC,V2B 7X9,[redacted],[redacted],M,49
133,Mozelle,Hermon,[redacted],Mount Pisgah,NB,E4G 1E8,[redacted],[redacted],M,28
134,Mila,Hair,[redacted],Saint-Leonard,QC,H1P 1M8,[redacted],[redacted],M,20
135,Gilma,Jefferys,[redacted],Halifax,NS,B3H 4E1,[redacted],[redacted],F,44
136,Armanda,Mcduffie,[redacted],Cowansville,QC,J2K 2M6,[redacted],[redacted],F,60
137,Vonda,Normandeau,[redacted],Mirabel,QC,J7J 1G7,[redacted],[redacted],Not Specified,40
138,Truman,Mondale,[redacted],Peterborough,ON,K9J 0A1,[redacted],[redacted],M,49
139,Elvis,Tenuta,[redacted],Calgary,AB,T2B 0X5,[redacted],[redacted],M,37
140,Loise,Dedaj,[redacted],Saskatoon,SK,S7K 5J3,[redacted],[redacted],M,64
141,Jannette,Pedder,[redacted],Vancouver,BC,V6L 2V9,[redacted],[redacted],F,45
142,Margo,Rand,[redacted],Concord,ON,L4K 1J7,[redacted],[redacted],Not Specified,21
143,Dahlia,Benett,[redacted],Alma,QC,G8B 1K7,[redacted],[redacted],F,51
144,Dominga,Mckeon,[redacted],Trois-Rivieres,QC,G8T 7G3,[redacted],[redacted],Not Specified,37
145,Hollis,Keomuangtai,[redacted],Keswick,ON,L4P 1V3,[redacted],[redacted],M,57
146,Carry,Ziller,[redacted],Strathroy,ON,N7G 3H9,[redacted],[redacted],F,67
147,Bong,Fears,[redacted],Pierrefonds,QC,H9H 3C8,[redacted],[redacted],F,29
148,Yolande,Staiano,[redacted],Orleans,ON,K1C 3C7,[redacted],[redacted],M,21
149,Lottie,Hegdahl,[redacted],Unionville,ON,L3R 2H1,[redacted],[redacted],Not Specified,28
150,Jose,Kylish,[redacted],Pierrefonds,QC,H9J 1W6,[redacted],[redacted],Not Specified,63
151,Tuyet,Abramovitz,[redacted],Richmond Hill,ON,L4E 4P3,[redacted],[redacted],F,41
152,Pearline,Provenzano,[redacted],Concord,ON,L4K 1V4,[redacted],[redacted],M,25
153,Robt,Hankison,[redacted],Quebec,QC,G1L 4H3,[redacted],[redacted],M,64
154,Shawnee,Kesten,[redacted],Big Ridge,NS,B1K 1X8,[redacted],[redacted],Not Specified,64
155,Lacresha,Quinones,[redacted],Vaudreuil-Dorion,QC,J7V 5V8,[redacted],[redacted],M,27
156,Basilia,Vinroe,[redacted],Quebec,QC,G1H 1A6,[redacted],[redacted],F,30
157,Aleisha,Areizaga,[redacted],Quebec,QC,G1C 5G2,[redacted],[redacted],M,46
158,Frank,Tryninewski,[redacted],Prince Albert,SK,S6V 6E5,[redacted],[redacted],M,23
159,Ria,Steinhorst,[redacted],Jonquiere,QC,G7S 2S3,[redacted],[redacted],M,66
160,Carla,Kallenberger,[redacted],Hanover,ON,N4N 1Z7,[redacted],[redacted],F,30
161,Lashanda,Skahan,[redacted],Gray Rapids,NB,E9B 1G6,[redacted],[redacted],M,45
162,Jarod,Catalina,[redacted],North Bay,ON,P1B 2L4,[redacted],[redacted],F,20
163,Leoma,Rabago,[redacted],Nanaimo,BC,V9R 6W5,[redacted],[redacted],Not Specified,45
164,Yasuko,Greeves,[redacted],Vernon,BC,V1B 3Z4,[redacted],[redacted],M,20
165,Jimmie,Snelling,[redacted],Oakville,ON,L6J 7H9,[redacted],[redacted],F,54
166,Titus,Dugre,[redacted],Gatineau,QC,J9J 0V4,[redacted],[redacted],M,49
167,Joanne,Teoh,[redacted],St Catharines,ON,L2M 1R4,[redacted],[redacted],M,51
168,Suzi,Groom,[redacted],Surrey,BC,V3S 7P4,[redacted],[redacted],F,66
169,Denny,Amazan,[redacted],Surrey,BC,V4A 8M9,[redacted],[redacted],Not Specified,63
170,Willie,Coughlan,[redacted],Cantley,QC,J8V 3K1,[redacted],[redacted],Not Specified,45
171,Margurite,Brake,[redacted],Amherstburg,ON,N9V 1S8,[redacted],[redacted],Not Specified,22
172,Arlen,Romack,[redacted],Saint John,NB,E2K 3R6,[redacted],[redacted],F,26
173,Shaniqua,Corna,[redacted],North York,ON,M3H 5X6,[redacted],[redacted],Not Specified,47
174,William,Boccard,[redacted],Pointe-aux-Trembles,QC,H1B 4R4,[redacted],[redacted],F,59
175,Silva,Riviere,[redacted],Pierrefonds,QC,H8Y 2A9,[redacted],[redacted],M,22
176,Gearldine,Haberle,[redacted],Calgary,AB,T2J 0S5,[redacted],[redacted],Not Specified,23
177,Azalee,Aja,[redacted],Chateauguay,QC,J6J 3J8,[redacted],[redacted],Not Specified,19
178,Kimbery,Plikerd,[redacted],Duncan,BC,V9L 2E9,[redacted],[redacted],Not Specified,43
179,Ricarda,Kratt,[redacted],New Glasgow,NS,B2H 3Y5,[redacted],[redacted],F,66
180,Macy,Massay,[redacted],Dauphin,MB,R7N 2C7,[redacted],[redacted],F,38
181,Carol,Normington,[redacted],Alma,QC,G8E 1G2,[redacted],[redacted],Not Specified,40
182,Blythe,Czaplinski,[redacted],Calgary,AB,T2V 2M5,[redacted],[redacted],Not Specified,31
183,Tanesha,Tesseneer,[redacted],Etobicoke,ON,M9R 2W5,[redacted],[redacted],F,32
184,Yaeko,Orndoff,[redacted],St Thomas,ON,N5P 2E5,[redacted],[redacted],M,57
185,Broderick,Lorenz,[redacted],Saskatoon,SK,S7N 3M6,[redacted],[redacted],M,57
186,Twila,Shadle,[redacted],Victoria,BC,V8Y 1H4,[redacted],[redacted],F,63
187,Sarina,Pead,[redacted],Ajax,ON,L1S 1S7,[redacted],[redacted],F,20
188,Candra,Peets,[redacted],North Bay,ON,P1B 2V6,[redacted],[redacted],M,22
189,Von,Aprigliano,[redacted],Port Moody,BC,V3H 1E8,[redacted],[redacted],M,40
190,Natalya,Verso,[redacted],Kitchener,ON,N2A 1S3,[redacted],[redacted],F,54
191,Stanton,Rigazio,[redacted],North York,ON,M3M 2A4,[redacted],[redacted],M,19
192,Dona,Larner,[redacted],York,ON,M6M 1V5,[redacted],[redacted],F,28
193,Cortney,Choice,[redacted],Greenfield Park,QC,J4V 3G8,[redacted],[redacted],M,26
194,Ira,Betterton,[redacted],Halifax,NS,B3K 3E4,[redacted],[redacted],M,42
195,Vanna,Pickle,[redacted],Newmarket,ON,L3Y 3M4,[redacted],[redacted],M,33
196,Bo,Sabota,[redacted],Winnipeg,MB,R3R 2Z5,[redacted],[redacted],F,41
197,Nathalie,Corners,[redacted],Peterborough,ON,K9H 4B6,[redacted],[redacted],M,44
198,Rodney,Lockamy,[redacted],Ottawa,ON,K1S 2E4,[redacted],[redacted],M,64
199,Elena,Hairr,[redacted],Stephenville,NL,A2N 2N4,[redacted],[redacted],Not Specified,20
200,Blossom,Kraatz,[redacted],North York,ON,M4A 2A6,[redacted],[redacted],Not Specified,45
201,Loreen,Griepentrog,[redacted],Orleans,ON,K1C 2E5,[redacted],[redacted],F,61
202,Tayna,Keirnan,[redacted],Barrie,ON,L4N 5C5,[redacted],[redacted],M,28
203,Nieves,Planty,[redacted],Peterborough,ON,K9H 3K7,[redacted],[redacted],Not Specified,44
204,Glenn,Robinault,[redacted],Lachine,QC,H8S 3A8,[redacted],[redacted],F,22
205,Julianna,Racer,[redacted],Saint John,NB,E2K 5L7,[redacted],[redacted],Not Specified,53
206,Ashton,Nitchals,[redacted],Oakville,ON,L6H 5G1,[redacted],[redacted],Not Specified,22
207,Shaun,Scovil,[redacted],Pickering,ON,L1W 2P9,[redacted],[redacted],Not Specified,58
208,Long,Shintaku,[redacted],Blainville,QC,J7C 2R9,[redacted],[redacted],Not Specified,48
209,Vinnie,Meir,[redacted],Etobicoke,ON,M8Y 1G5,[redacted],[redacted],F,61
210,Lucia,Flipp,[redacted],Scarborough,ON,M1E 3L6,[redacted],[redacted],F,27
211,Corazon,Ivaska,[redacted],Saskatoon,SK,S7K 3K7,[redacted],[redacted],F,66
212,Jaime,Perugini,[redacted],Verdun,QC,H4G 1X4,[redacted],[redacted],Not Specified,61
213,Miriam,Stakes,[redacted],Burlington,ON,L7L 5E8,[redacted],[redacted],Not Specified,42
214,Vallie,Nigl,[redacted],North Vancouver,BC,V7H 2J2,[redacted],[redacted],Not Specified,39
215,Sheldon,Isachsen,[redacted],Valley,NS,B6L 3K5,[redacted],[redacted],Not Specified,46
216,Nickie,Balonek,[redacted],North Vancouver,BC,V7J 3P8,[redacted],[redacted],M,47
217,Fletcher,Caneles,[redacted],Hamilton,ON,L8S 3V2,[redacted],[redacted],Not Specified,57
218,Rutha,Eisert,[redacted],Niagara Falls,ON,L2G 3H6,[redacted],[redacted],F,29
219,Brandon,Geigel,[redacted],Vancouver,BC,V5Z 3S8,[redacted],[redacted],M,47
220,Franchesca,Lamme,[redacted],Charlottetown,PE,C1E 1W8,[redacted],[redacted],F,50
221,Lorriane,Naddeo,[redacted],Duncan,BC,V9L 2T9,[redacted],[redacted],Not Specified,62
222,Asuncion,Berson,[redacted],Reinfeld,MB,R6W 1K7,[redacted],[redacted],F,28
223,Georgiann,Hoerter,[redacted],Grand-Mere,QC,G9T 3C3,[redacted],[redacted],F,57
224,Hershel,Bultron,[redacted],London,ON,N5Z 1R6,[redacted],[redacted],F,23
225,Chu,Collopy,[redacted],Trois-Rivieres,QC,G8V 2J6,[redacted],[redacted],F,38
226,Bettina,Vosmus,[redacted],Vancouver,BC,V6H 3Y2,[redacted],[redacted],F,47
227,Lynsey,Sport,[redacted],Chilliwack,BC,V2P 6L6,[redacted],[redacted],F,60
228,Phil,Kuechler,[redacted],Jonquiere,QC,G7X 2X4,[redacted],[redacted],F,21
229,Cordelia,Nicks,[redacted],Georgetown,ON,L7G 2T4,[redacted],[redacted],Not Specified,38
230,Georgeanna,Marrano,[redacted],Hamilton,ON,L8N 2V6,[redacted],[redacted],M,60
231,Rosendo,Lanter,[redacted],Regina,SK,S4N 5R4,[redacted],[redacted],M,52
232,Jerilyn,Norcia,[redacted],Hanover,ON,N4N 2P6,[redacted],[redacted],M,52
233,Elfriede,Bakeley,[redacted],Grand-Sault/Grand Falls,NB,E3Z 2K5,[redacted],[redacted],Not Specified,19
234,Harris,Sheck,[redacted],Montreal,QC,H2H 1Z2,[redacted],[redacted],Not Specified,57
235,Leonor,Beilinson,[redacted],Orleans,ON,K1C 1Z6,[redacted],[redacted],F,63
236,Terrilyn,Waska,[redacted],Gatineau,QC,J8M 2A5,[redacted],[redacted],Not Specified,52
237,Maddie,Foulds,[redacted],Montreal,QC,H2M 1W9,[redacted],[redacted],F,55
238,Melynda,Anstead,[redacted],Longueuil,QC,J4J 3E9,[redacted],[redacted],F,24
239,Odette,Thigpen,[redacted],Corner Brook,NL,A2H 2K1,[redacted],[redacted],Not Specified,43
240,Steffanie,Meinen,[redacted],Montreal,QC,H3C 5G9,[redacted],[redacted],F,28
241,Antonette,Stimac,[redacted],Kitchener,ON,N2A 1S3,[redacted],[redacted],F,46
242,Thora,Daneker,[redacted],Gatineau,QC,J8P 3A1,[redacted],[redacted],F,63
243,Nada,Massanet,[redacted],Surrey,BC,V3R 4L7,[redacted],[redacted],Not Specified,44
244,Ivette,Dills,[redacted],Reserve Mines,NS,B1E 1G6,[redacted],[redacted],M,55
245,Devon,Delacerda,[redacted],Comox,BC,V9M 1T4,[redacted],[redacted],M,54
246,Lon,Tibbles,[redacted],Mississauga,ON,L5E 1B7,[redacted],[redacted],F,51
247,Tennie,Santanna,[redacted],Trois-Rivieres,QC,G8T 6A2,[redacted],[redacted],Not Specified,66
248,Fidelia,Vilven,[redacted],Scarborough,ON,M1G 1V4,[redacted],[redacted],F,55
249,Michal,Gunyan,[redacted],Quebec,QC,G2B 4L7,[redacted],[redacted],F,51
250,Enola,Yandow,[redacted],Dartmouth,NS,B2W 6G3,[redacted],[redacted],F,53
251,Meghann,Mamudoski,[redacted],Hebbville,NS,B4V 7A2,[redacted],[redacted],M,39
252,Latanya,Mattia,[redacted],Portage la Prairie,MB,R1N 3T4,[redacted],[redacted],M,50
253,Chandra,Firlik,[redacted],Oshawa,ON,L1J 8H1,[redacted],[redacted],Not Specified,30
254,Barney,Dewer,[redacted],Bedford,NS,B4A 3V5,[redacted],[redacted],M,63
255,Ocie,Chreene,[redacted],Orleans,ON,K1E 2C8,[redacted],[redacted],F,66
256,Precious,Dubray,[redacted],Orillia,ON,L3V 4N5,[redacted],[redacted],Not Specified,59
257,Sanda,Laramie,[redacted],Dawson Creek,BC,V1G 1Y2,[redacted],[redacted],F,26
258,Gaynell,Benavente,[redacted],Thunder Bay,ON,P7E 2H1,[redacted],[redacted],M,30
259,Bethanie,Cutsforth,[redacted],Cambridge,ON,N1S 2S8,[redacted],[redacted],Not Specified,39
260,Yvette,Capiga,[redacted],Big Valley,AB,T0J 0G0,[redacted],[redacted],Not Specified,23
261,Alana,Blackmon,[redacted],Scarborough,ON,M1B 2S5,[redacted],[redacted],F,26
262,Lakeesha,Beachel,[redacted],Chilliwack,BC,V2P 4W3,[redacted],[redacted],F,62
263,Ailene,Friedman,[redacted],Enterprise,NB,E7G 1M2,[redacted],[redacted],F,44
264,Valene,Madson,[redacted],Alma,QC,G8B 7M5,[redacted],[redacted],M,41
265,Floyd,Bub,[redacted],Toronto,ON,M4V 2Z2,[redacted],[redacted],M,31
266,Josue,Hatherly,[redacted],Etobicoke,ON,M9W 1M9,[redacted],[redacted],Not Specified,41
267,Johnathon,Wadden,[redacted],Peterborough,ON,K9J 3N7,[redacted],[redacted],F,31
268,Kenneth,Drizin,[redacted],Amos,QC,J9T 1S3,[redacted],[redacted],F,56
269,Leila,Titzer,[redacted],Calgary,AB,T2X 2M9,[redacted],[redacted],F,28
270,Marquetta,Quinlisk,[redacted],Mont-Royal,QC,H3R 1G3,[redacted],[redacted],F,59
271,Annamae,Beliles,[redacted],Burnaby,BC,V5G 4J9,[redacted],[redacted],F,22
272,An,Dosal,[redacted],Drummondville,QC,J2B 3J9,[redacted],[redacted],Not Specified,59
273,Karina,Cortesi,[redacted],Saint-Bruno,QC,J3V 5S1,[redacted],[redacted],M,23
274,Otis,Luong,[redacted],Simcoe,ON,N3Y 2P6,[redacted],[redacted],M,28
275,Brendan,Kasperek,[redacted],Coquitlam,BC,V3E 2W1,[redacted],[redacted],Not Specified,43
276,Keith,Evartt,[redacted],Derby Junction,NB,E1V 5B4,[redacted],[redacted],Not Specified,31
277,Paulina,Arand,[redacted],Winnipeg,MB,R2J 2V1,[redacted],[redacted],M,66
278,Cherelle,Welschmeyer,[redacted],Guelph,ON,N1E 5N9,[redacted],[redacted],Not Specified,34
279,Percy,Neelon,[redacted],Rimouski,QC,G5L 1N6,[redacted],[redacted],F,33
280,Margot,Storrs,[redacted],Woodbridge,ON,L4H 2L8,[redacted],[redacted],Not Specified,53
281,Paris,Bellis,[redacted],Woodstock,ON,N4S 3K1,[redacted],[redacted],Not Specified,63
282,Sina,Masiejczyk,[redacted],Etobicoke,ON,M9C 5B4,[redacted],[redacted],Not Specified,42
283,Kimi,Selfe,[redacted],Jonquiere,QC,G8A 1H7,[redacted],[redacted],Not Specified,21
284,Chun,Richrdson,[redacted],Regina,SK,S4T 3L1,[redacted],[redacted],M,22
285,Lelia,Thiemann,[redacted],Kamloops,BC,V2B 7W6,[redacted],[redacted],Not Specified,26
286,Cordell,Zinda,[redacted],Sherbrooke,QC,J1H 6E3,[redacted],[redacted],Not Specified,65
287,Dorothy,Aitken,[redacted],Mississauga,ON,L5V 1E5,[redacted],[redacted],F,23
288,Chauncey,Mcelreath,[redacted],Vanier,ON,K1L 7E2,[redacted],[redacted],M,37
289,Tenesha,Stropko,[redacted],Cardigan,NB,E6B 1L7,[redacted],[redacted],Not Specified,36
290,Anjelica,Lovero,[redacted],Amherst,NS,B4H 1K5,[redacted],[redacted],M,43
291,Olga,Adessa,[redacted],Burlington,ON,L7P 4T1,[redacted],[redacted],F,64
292,Monte,Tindal,[redacted],Laval,QC,H7M 5P7,[redacted],[redacted],Not Specified,19
293,Pamela,Mccoskey,[redacted],Terrebonne,QC,J6W 4W3,[redacted],[redacted],Not Specified,58
294,Toshia,Lippoldt,[redacted],Stoneham-Et-Tewkesbury,QC,G3C 0S2,[redacted],[redacted],Not Specified,49
295,Polly,Sandusky,[redacted],Hamilton,ON,L9A 4H9,[redacted],[redacted],Not Specified,28
296,Judy,Boerboom,[redacted],Paradise,NL,A1L 0H4,[redacted],[redacted],F,54
297,Celestine,Pritt,[redacted],Ottawa,ON,K1G 3B6,[redacted],[redacted],M,29
298,Murray,Fode,[redacted],Pointe-Claire,QC,H9R 5N9,[redacted],[redacted],F,41
299,Shoshana,Courter,[redacted],Windsor,ON,N8Y 4T9,[redacted],[redacted],Not Specified,60
300,Glendora,Pezley,[redacted],Edmonton,AB,T5Y 3J7,[redacted],[redacted],M,65
301,Carlene,Kana,[redacted],Brantford,ON,N3T 2H4,[redacted],[redacted],F,25
302,Adria,Gilliam,[redacted],Hamilton,ON,L8N 2V6,[redacted],[redacted],M,61
303,Paola,Perkins,[redacted],Grande Prairie,AB,T8V 4G4,[redacted],[redacted],F,62
304,Elina,Maury,[redacted],North York,ON,M6M 3B1,[redacted],[redacted],F,54
305,Emile,Dorio,[redacted],Saint-Bruno,QC,J3V 4R8,[redacted],[redacted],M,36
306,Zoila,Lannigan,[redacted],York,ON,M6N 3Z2,[redacted],[redacted],F,44
307,Yong,Yestramski,[redacted],Brantford,ON,N3R 3C6,[redacted],[redacted],M,40
308,Leontine,Stalma,[redacted],Simcoe,ON,N3Y 5H1,[redacted],[redacted],F,40
309,Troy,Dicus,[redacted],Trenton,ON,K8V 3Z2,[redacted],[redacted],M,31
310,Annamaria,Vanhuss,[redacted],Dundas,ON,L9H 2C3,[redacted],[redacted],M,51
311,Dorothea,Lowther,[redacted],Sudbury,ON,P3E 2W9,[redacted],[redacted],F,23
312,Marion,Letran,[redacted],Gatineau,QC,J8Y 5Z4,[redacted],[redacted],F,45
313,Avery,Masso,[redacted],Amherst,NS,B4H 1N1,[redacted],[redacted],Not Specified,29
314,Trinidad,Bredernitz,[redacted],Lasalle,QC,H8N 1S9,[redacted],[redacted],F,53
315,Herminia,Penso,[redacted],Fort McMurray,AB,T9H 3A8,[redacted],[redacted],F,22
316,Val,Bigaud,[redacted],Montreal,QC,H2C 3A1,[redacted],[redacted],Not Specified,66
317,Renay,Oviedo,[redacted],North York,ON,M6B 3Y3,[redacted],[redacted],F,55
318,Buck,Kotow,[redacted],Thunder Bay,ON,P7E 2H1,[redacted],[redacted],F,63
319,Toi,Rollison,[redacted],Terrebonne,QC,J6W 1M9,[redacted],[redacted],M,26
320,Shanice,Pennel,[redacted],Kingston,ON,K7L 2Y7,[redacted],[redacted],M,41
321,Oliva,Ramerez,[redacted],Calgary,AB,T2C 1W4,[redacted],[redacted],M,55
322,Tamera,Crocker,[redacted],Edmonton,AB,T5C 3M1,[redacted],[redacted],Not Specified,19
323,Melvin,Rather,[redacted],Drummondville,QC,J2B 3S8,[redacted],[redacted],M,52
324,Essie,Fitzke,[redacted],Welshpool,NB,E5E 1G8,[redacted],[redacted],F,38
325,Shay,Knieper,[redacted],Brossard,QC,J4X 1J9,[redacted],[redacted],M,57
326,Ruby,Sensibaugh,[redacted],Coquitlam,BC,V3K 2P4,[redacted],[redacted],Not Specified,44
327,Caren,Doscher,[redacted],Calgary,AB,T3H 2S3,[redacted],[redacted],Not Specified,59
328,Frank,Amend,[redacted],Cambridge,ON,N1S 1A7,[redacted],[redacted],Not Specified,61
329,Lasandra,Frisinger,[redacted],Abbotsford,BC,V2S 2G5,[redacted],[redacted],F,56
330,Sommer,Frere,[redacted],Saint-Hubert,QC,J3Y 4R3,[redacted],[redacted],F,20
331,Gretchen,Mckeon,[redacted],Trail,BC,V1R 4Y2,[redacted],[redacted],F,67
332,Providencia,Marien,[redacted],Ottawa,ON,K2C 2V1,[redacted],[redacted],Not Specified,53
333,Lindsey,Arnoldi,[redacted],West Kelowna,BC,V1Z 2J2,[redacted],[redacted],Not Specified,43
334,Romana,Riesgraf,[redacted],Moncton,NB,E1A 6P3,[redacted],[redacted],F,64
335,Nobuko,Logwood,[redacted],Sarnia,ON,N7V 3X4,[redacted],[redacted],F,55
336,Shawnna,Arredondo,[redacted],Orleans,ON,K4A 0V9,[redacted],[redacted],Not Specified,53
337,Doyle,Hathcox,[redacted],Prince George,BC,V2M 1K4,[redacted],[redacted],Not Specified,56
338,Jacinta,Deppen,[redacted],Nelson,BC,V1L 1A7,[redacted],[redacted],F,37
339,Tawanna,Kuamoo,[redacted],Matane,QC,G4W 3G6,[redacted],[redacted],Not Specified,19
340,Christa,Cloutier,[redacted],Calgary,AB,T2L 2G4,[redacted],[redacted],Not Specified,28
341,Noe,Kotz,[redacted],Salt Spring Island,BC,V8K 2T5,[redacted],[redacted],M,63
342,Ellen,Fajen,[redacted],Edmonton,AB,T6A 0L9,[redacted],[redacted],Not Specified,62
343,Tequila,Pelletier,[redacted],Richmond Hill,ON,L4C 9T5,[redacted],[redacted],M,61
344,Tawny,Bonventre,[redacted],Richmond,BC,V6Y 1L9,[redacted],[redacted],F,65
345,Rosalyn,Mcspedon,[redacted],Kingston,ON,K7K 3L3,[redacted],[redacted],Not Specified,45
346,Noble,Miyata,[redacted],Tillsonburg,ON,N4G 4Y4,[redacted],[redacted],F,43
347,Lucille,Hubbell,[redacted],Nanaimo,BC,V9R 4Z4,[redacted],[redacted],M,31
348,Azzie,Tuazon,[redacted],Oakville,ON,L6L 6V2,[redacted],[redacted],Not Specified,34
349,Darci,Arau,[redacted],Trois-Rivieres,QC,G8Z 3J2,[redacted],[redacted],M,63
350,King,Suman,[redacted],Chicoutimi,QC,G7J 4W9,[redacted],[redacted],M,51
351,Denny,Zeanah,[redacted],Montreal,QC,H2Z 1P5,[redacted],[redacted],F,54
352,Anissa,Frayer,[redacted],Surrey,BC,V3X 2L5,[redacted],[redacted],F,45
353,Rosann,Heinricher,[redacted],Mirabel,QC,J7N 2E1,[redacted],[redacted],M,41
354,Jeannine,Rippy,[redacted],Truro,NS,B2N 6J6,[redacted],[redacted],Not Specified,51
355,Lashaun,Casteneda,[redacted],Edmonton,AB,T6L 4W9,[redacted],[redacted],Not Specified,54
356,Miesha,Walen,[redacted],Espanola,ON,P5E 1C1,[redacted],[redacted],Not Specified,62
357,Marva,Kountz,[redacted],Etobicoke,ON,M9A 0A5,[redacted],[redacted],M,31
358,Dion,Lamastus,[redacted],Albanel,QC,G8M 3P2,[redacted],[redacted],M,42
359,Hassie,Sarkin,[redacted],Valley,NS,B6L 2X2,[redacted],[redacted],Not Specified,32
360,Jin,Perry,[redacted],Etobicoke,ON,M9C 2W4,[redacted],[redacted],M,66
361,Demetra,Peth,[redacted],Sherbrooke,QC,J1K 1C5,[redacted],[redacted],Not Specified,57
362,Irene,Benauides,[redacted],Lyttleton,NB,E9E 1Y1,[redacted],[redacted],Not Specified,21
363,Colton,Pesqueira,[redacted],Oakville,ON,L6H 6M8,[redacted],[redacted],M,37
364,William,Cilento,[redacted],Trochu,AB,T0M 2C0,[redacted],[redacted],F,23
365,Shannan,Cupit,[redacted],North York,ON,M2N 2B8,[redacted],[redacted],F,33
366,Shelba,Kast,[redacted],Halifax,NS,B3K 2C1,[redacted],[redacted],M,67
367,Dorcas,Diebold,[redacted],Mississauga,ON,L5M 4A7,[redacted],[redacted],M,19
368,Rochell,Wetherby,[redacted],Amqui,QC,G5J 1E2,[redacted],[redacted],F,60
369,Amber,Windell,[redacted],Richmond,BC,V6X 3S2,[redacted],[redacted],Not Specified,35
370,Stefanie,Prinkey,[redacted],Surrey,BC,V3R 4T5,[redacted],[redacted],F,51
371,Kenia,Sharples,[redacted],Calgary,AB,T2J 1Y3,[redacted],[redacted],F,37
372,Jacquline,Libbey,[redacted],Cap-aux-Meules,QC,G4T 1M6,[redacted],[redacted],Not Specified,65
373,Lavina,Michelet,[redacted],Anjou,QC,H1M 1X5,[redacted],[redacted],F,44
374,Billi,Kazar,[redacted],Surrey,BC,V3W 9G2,[redacted],[redacted],Not Specified,56
375,Aron,Leuthold,[redacted],Chilliwack,BC,V2P 3X4,[redacted],[redacted],M,52
376,Annice,Tartar,[redacted],Sherbrooke,QC,J1N 0H6,[redacted],[redacted],Not Specified,34
377,Hyun,Zarazua,[redacted],Chatham,ON,N7L 5C4,[redacted],[redacted],M,55
378,Shala,Ogle,[redacted],Fatima,QC,G4T 2N4,[redacted],[redacted],M,61
379,Shasta,Canonico,[redacted],Sault Ste. Marie,ON,P6C 2C8,[redacted],[redacted],Not Specified,44
380,Wenona,Braseth,[redacted],Beloeil,QC,J3G 2C1,[redacted],[redacted],F,41
381,Marla,Gallati,[redacted],Lachine,QC,H8R 1R7,[redacted],[redacted],F,29
382,Myra,Palenik,[redacted],Montmagny,QC,G5V 1N6,[redacted],[redacted],F,26
383,Lawanda,Jacocks,[redacted],Cranbrook,BC,V1C 4E3,[redacted],[redacted],M,50
384,Curt,Kohlman,[redacted],Saskatoon,SK,S7M 3S3,[redacted],[redacted],F,56
385,Susy,Finstad,[redacted],Calgary,AB,T2X 0J3,[redacted],[redacted],M,25
386,Kathrine,Kaper,[redacted],Halifax,NS,B3N 2X2,[redacted],[redacted],M,30
387,Oneida,Pospishil,[redacted],Victoriaville,QC,G6T 1N5,[redacted],[redacted],Not Specified,62
388,Allene,Perera,[redacted],Etobicoke,ON,M9P 1J9,[redacted],[redacted],Not Specified,36
389,Leonardo,Leahman,[redacted],Calgary,AB,T2L 1X5,[redacted],[redacted],M,55
390,Nakisha,Russi,[redacted],Lethbridge,AB,T1H 6T3,[redacted],[redacted],F,34
391,Stephanie,Rolling,[redacted],Lloydminster,SK,S9V 1T4,[redacted],[redacted],Not Specified,36
392,Florinda,Haycock,[redacted],Gatineau,QC,J8P 4L6,[redacted],[redacted],M,49
393,Merri,Geberth,[redacted],Winnipeg,MB,R2P 2J7,[redacted],[redacted],F,65
394,Malcom,Vereen,[redacted],Windsor,ON,N8T 1V1,[redacted],[redacted],Not Specified,63
395,Louvenia,Abney,[redacted],Prince Albert,SK,S6V 6A4,[redacted],[redacted],M,54
396,Alita,Borlace,[redacted],Kenora,ON,P9N 1K7,[redacted],[redacted],Not Specified,29
397,Noemi,Ill,[redacted],Sault Ste. Marie,ON,P6B 2W6,[redacted],[redacted],M,38
398,Nydia,Ancar,[redacted],Edmonton,AB,T5V 1M7,[redacted],[redacted],Not Specified,29
399,Hana,Meisel,[redacted],Calgary,AB,T2J 1G9,[redacted],[redacted],Not Specified,48
400,Noel,Marrazzo,[redacted],Camrose,AB,T4V 2Y4,[redacted],[redacted],Not Specified,42
401,Brice,Rowe,[redacted],Belleville,ON,K8N 1R9,[redacted],[redacted],M,50
402,Nguyet,Kitchens,[redacted],Red Deer,AB,T4N 2H5,[redacted],[redacted],M,19
403,Janae,Mair,[redacted],Ajax,ON,L1T 1R5,[redacted],[redacted],F,31
404,Darrel,Makley,[redacted],Baie-Sainte-Anne,NB,E9A 1P1,[redacted],[redacted],F,60
405,Genevieve,Milionis,[redacted],Sault Ste. Marie,ON,P6B 5Y9,[redacted],[redacted],F,23
406,Giovanna,Bacho,[redacted],North Vancouver,BC,V7M 3J6,[redacted],[redacted],F,49
407,Shelton,Spannuth,[redacted],Brandon,MB,R7B 1N3,[redacted],[redacted],M,56
408,Alison,Mahlum,[redacted],Belleville,ON,K8N 2W3,[redacted],[redacted],M,62
409,Maynard,Zufall,[redacted],Vancouver,BC,V5X 4K1,[redacted],[redacted],M,58
410,Timothy,Bussert,[redacted],Toronto,ON,M4C 3Y1,[redacted],[redacted],Not Specified,63
411,Viola,Eddens,[redacted],Grand Manan,NB,E5G 3A8,[redacted],[redacted],F,24
412,Luann,Michon,[redacted],Montreal,QC,H2S 2G9,[redacted],[redacted],M,28
413,Mable,Goerke,[redacted],Toronto,ON,M6P 2V5,[redacted],[redacted],Not Specified,34
414,Sabine,Kaea,[redacted],Brampton,ON,L6W 1A8,[redacted],[redacted],M,60
415,Dolores,Moltz,[redacted],Fredericton,NB,E3B 2P9,[redacted],[redacted],M,47
416,Hannah,Suero,[redacted],Oakville,ON,L6L 3G9,[redacted],[redacted],F,19
417,Sonia,Blan,[redacted],Deer Lake,NL,A8A 2A6,[redacted],[redacted],Not Specified,65
418,Cletus,Stapels,[redacted],Edmonton,AB,T6P 1K3,[redacted],[redacted],M,60
419,Asha,Zoldak,[redacted],Saint-Stanislas,QC,G8L 7B6,[redacted],[redacted],F,65
420,Verlene,Billow,[redacted],Brampton,ON,L6P 0X3,[redacted],[redacted],M,37
421,Yesenia,Giglio,[redacted],Janeville,NB,E2A 5K7,[redacted],[redacted],Not Specified,22
422,Tayna,Sine,[redacted],Burlington,ON,L7R 3Y8,[redacted],[redacted],Not Specified,35
423,Verona,Jobst,[redacted],Montreal,QC,H3V 1E3,[redacted],[redacted],M,62
424,Denae,Eggers,[redacted],Winnipeg,MB,R2K 3B5,[redacted],[redacted],M,28
425,Rikki,Montalgo,[redacted],Montreal,QC,H2K 3M3,[redacted],[redacted],Not Specified,54
426,Nan,Weekly,[redacted],London,ON,N5Y 5M9,[redacted],[redacted],Not Specified,30
427,Sherell,Despain,[redacted],Surrey,BC,V3R 6N7,[redacted],[redacted],M,47
428,Coral,Brennick,[redacted],Boucherville,QC,J4B 1R5,[redacted],[redacted],M,60
429,Phyliss,Huelse,[redacted],Lethbridge,AB,T1K 2L9,[redacted],[redacted],F,39
430,Jesse,Wida,[redacted],Burlington,ON,L7T 3Y9,[redacted],[redacted],M,67
431,Latonia,Helander,[redacted],Brampton,ON,L6V 4R8,[redacted],[redacted],M,36
432,Aimee,Clozza,[redacted],Ottawa,ON,K1K 0K4,[redacted],[redacted],Not Specified,62
433,Marcelle,Staie,[redacted],Stoney Creek,ON,L8E 4S4,[redacted],[redacted],F,67
434,Ilda,Schuring,[redacted],St. Albert,AB,T8N 1L5,[redacted],[redacted],M,45
435,Aileen,Klukken,[redacted],North York,ON,M2N 2T3,[redacted],[redacted],M,45
436,Davida,Zeng,[redacted],Sainte-Sophie,QC,J5J 2B5,[redacted],[redacted],F,24
437,Beata,Rubarts,[redacted],Victoria,BC,V8X 1R2,[redacted],[redacted],F,61
438,Angelyn,Wieand,[redacted],Brampton,ON,L6X 0E3,[redacted],[redacted],M,56
439,Claudio,Hummell,[redacted],Calgary,AB,T3L 2H1,[redacted],[redacted],F,31
440,Krystal,Twyman,[redacted],Scarborough,ON,M1C 1N8,[redacted],[redacted],M,42
441,Adela,Echegoyen,[redacted],Burnaby,BC,V5B 4L5,[redacted],[redacted],F,19
442,Ryan,Phibbs,[redacted],Regina,SK,S4V 3B8,[redacted],[redacted],F,33
443,Edmond,Buettner,[redacted],Saint-Eustache,QC,J7P 1A5,[redacted],[redacted],Not Specified,65
444,Catina,Emmert,[redacted],Thunder Bay,ON,P7C 4H3,[redacted],[redacted],F,44
445,Milly,Pattengale,[redacted],Wetaskiwin,AB,T9A 3K1,[redacted],[redacted],F,56
446,Jules,Erichsen,[redacted],Mississauga,ON,L5C 1L3,[redacted],[redacted],Not Specified,63
447,Denna,Miklitz,[redacted],Saint-Jean-sur-Richelieu,QC,J3B 0C5,[redacted],[redacted],M,64
448,Willetta,Cesa,[redacted],Membertou,NS,B1S 2P3,[redacted],[redacted],M,50
449,Johna,Magathan,[redacted],Edmonton,AB,T6K 4E5,[redacted],[redacted],M,26
450,Ollie,Oliverson,[redacted],Etobicoke,ON,M9W 3W4,[redacted],[redacted],M,46
451,Sherly,Vitrano,[redacted],Sydney,NS,B1P 1C1,[redacted],[redacted],F,19
452,Kindra,Dishong,[redacted],Nepean,ON,K2E 6A5,[redacted],[redacted],M,45
453,Vanda,Tentler,[redacted],Kimberley,BC,V1A 2M7,[redacted],[redacted],Not Specified,33
454,Marshall,Fitgerald,[redacted],Calgary,AB,T2M 4H2,[redacted],[redacted],F,19
455,Kelvin,Hasha,[redacted],Edmonton,AB,T5M 4A7,[redacted],[redacted],Not Specified,48
456,Darrin,Mathiasen,[redacted],Boucherville,QC,J4B 3Y4,[redacted],[redacted],F,31
457,Susana,Mccarley,[redacted],Windsor,ON,N9E 2G5,[redacted],[redacted],Not Specified,66
458,Wilson,Nickelson,[redacted],North York,ON,M2J 3W5,[redacted],[redacted],M,52
459,Malissa,Talty,[redacted],Saint John,NB,E2M 2N5,[redacted],[redacted],M,40
460,Tandra,Castillanos,[redacted],Hamilton,ON,L9C 3G2,[redacted],[redacted],F,58
461,Lorean,Sammon,[redacted],Regina,SK,S4S 3Y3,[redacted],[redacted],F,28
462,Desirae,Oien,[redacted],Calgary,AB,T2C 0Z5,[redacted],[redacted],Not Specified,35
463,Delsie,Cerao,[redacted],English Settlement,NB,E6B 2J9,[redacted],[redacted],F,23
464,Mabel,Elmquist,[redacted],Winnipeg,MB,R2K 0Y2,[redacted],[redacted],F,30
465,Marnie,Purslow,[redacted],Winnipeg,MB,R2V 3G6,[redacted],[redacted],F,32
466,Rene,Granier,[redacted],Calgary,AB,T3Z 1H1,[redacted],[redacted],F,38
467,Trevor,Harnist,[redacted],Dartmouth,NS,B2Y 1G7,[redacted],[redacted],M,59
468,Sharmaine,Batdorf,[redacted],Saint-Basile,NB,E7C 2L8,[redacted],[redacted],M,44
469,Ricki,Traux,[redacted],Montreal,QC,H3J 1S4,[redacted],[redacted],F,42
470,Bernadine,Shufelt,[redacted],Sudbury,ON,P3C 2X6,[redacted],[redacted],Not Specified,52
471,Shad,Reider,[redacted],Lloydminster,AB,T9V 2M7,[redacted],[redacted],F,25
472,Kenneth,Degennaro,[redacted],St Martins,NB,E5R 1G5,[redacted],[redacted],Not Specified,39
473,Marleen,Hennon,[redacted],Abbotsford,BC,V2S 4M2,[redacted],[redacted],M,39
474,Joaquin,Geitner,[redacted],Calgary,AB,T2K 4M8,[redacted],[redacted],Not Specified,24
475,Slyvia,Stockham,[redacted],Quebec,QC,G1K 5J8,[redacted],[redacted],M,48
476,Kris,Bala,[redacted],Brampton,ON,L7A 2E8,[redacted],[redacted],M,44
477,Gussie,Diflorio,[redacted],Trenton,ON,K8V 1G7,[redacted],[redacted],F,57
478,Lavelle,Lillywhite,[redacted],La Malbaie,QC,G5A 2R8,[redacted],[redacted],M,35
479,Bev,Dermo,[redacted],Surrey,BC,V3X 1X5,[redacted],[redacted],F,55
480,Bette,Digiovanni,[redacted],London,ON,N6K 4J9,[redacted],[redacted],Not Specified,37
481,Lajuana,Mccloud,[redacted],Saint-Thomas,QC,J0K 3L0,[redacted],[redacted],M,58
482,Shakira,Westervelt,[redacted],North Vancouver,BC,V7J 2J9,[redacted],[redacted],F,57
483,Matt,Nickolich,[redacted],Regina,SK,S4S 5Y2,[redacted],[redacted],F,60
484,Clemencia,Momplaisir,[redacted],Montreal,QC,H3J 2N8,[redacted],[redacted],Not Specified,51
485,Oliva,Ambert,[redacted],Dawson Settlement,NB,E4H 2B6,[redacted],[redacted],M,24
486,Ranee,Maye,[redacted],Les Cedres,QC,J7T 3A9,[redacted],[redacted],M,26
487,Ming,Eskew,[redacted],Victoria,BC,V9A 6P6,[redacted],[redacted],Not Specified,60
488,Annice,Peckens,[redacted],Victoria,BC,V8V 2P7,[redacted],[redacted],F,67
489,Effie,Frymark,[redacted],London,ON,N5W 5G1,[redacted],[redacted],M,43
490,Maricela,Conger,[redacted],Coquitlam,BC,V3E 1Y4,[redacted],[redacted],F,26
491,Esteban,Plantenberg,[redacted],Surrey,BC,V4P 0C4,[redacted],[redacted],Not Specified,23
492,Doretha,Wykle,[redacted],Kenora,ON,P9N 4E7,[redacted],[redacted],Not Specified,38
493,Dorsey,Neitzke,[redacted],Truro,NS,B2N 3P6,[redacted],[redacted],Not Specified,59
494,Amie,Okuniewski,[redacted],Pembroke,ON,K8A 8M7,[redacted],[redacted],F,24
495,Bulah,Berkoff,[redacted],Strathroy,ON,N7G 3V5,[redacted],[redacted],F,27
496,Erin,Delbosque,[redacted],Longueuil,QC,J4M 2A8,[redacted],[redacted],M,56
497,Kassandra,Marushia,[redacted],Nanaimo,BC,V9R 1C9,[redacted],[redacted],F,20
498,Leslee,Matsuno,[redacted],Quebec,QC,G1H 1A6,[redacted],[redacted],F,41
499,Daniel,Dobler,[redacted],Beresford,NB,E8K 1B7,[redacted],[redacted],Not Specified,56
500,Antonio,Unruh,[redacted],Port Coquitlam,BC,V3C 2Z4,[redacted],[redacted],F,53
